,Departure Day,Departure Time,Arrival Day,Arrival Time,Origin,Destination,Cargo,Profit
0,2,22:30:00,3,1:54:00,CDG,HER,35000.0,3486.8087959983422
1,4,7:54:00,4,11:18:00,HER,CDG,35000.0,3486.8087959983422
2,4,23:54:00,5,2:42:00,CDG,HEL,35000.0,2455.398182568042
3,5,7:54:00,5,10:42:00,HEL,CDG,32490.171492745703,1218.4413981274902
