,Departure Day,Departure Time,Arrival Day,Arrival Time,Origin,Destination,Cargo,Profit
0,1,23:30:00,2,1:12:00,CDG,MAD,120000.0,16464.53133173073
1,2,3:42:00,2,5:24:00,MAD,CDG,72774.14759856944,3393.65672848119
2,2,7:54:00,2,8:54:00,CDG,AMS,120000.0,4204.086947937472
3,2,20:54:00,2,21:54:00,AMS,CDG,120000.0,4204.086947937472
4,3,0:24:00,3,1:24:00,CDG,AMS,120000.0,4204.086947937472
5,3,3:54:00,3,4:54:00,AMS,CDG,120000.0,4204.086947937472
6,4,3:54:00,4,5:36:00,CDG,MAD,120000.0,16464.53133173073
7,5,7:54:00,5,9:36:00,MAD,CDG,71528.52185548375,3048.900264329801
