,Departure Day,Departure Time,Arrival Day,Arrival Time,Origin,Destination,Cargo,Profit
0,2,0:48:00,2,2:24:00,CDG,EDI,23000.0,352.85766846977003
1,2,3:54:00,2,5:30:00,EDI,CDG,23000.0,352.85766846977003
2,3,0:24:00,3,2:18:00,CDG,MAD,23000.0,601.4895976986018
3,3,3:54:00,3,5:48:00,MAD,CDG,23000.0,601.4895976986018
4,4,1:06:00,4,3:00:00,CDG,MAD,23000.0,601.4895976986018
5,4,4:30:00,4,6:24:00,MAD,CDG,23000.0,601.4895976986018
6,4,7:54:00,4,10:18:00,CDG,PMO,23000.0,1138.3021761082282
7,5,7:54:00,5,10:18:00,PMO,CDG,22842.212722168275,1077.284507090405
